Confidence,ROI
0,1.694161444
0.01,1.694161444
0.02,1.305913061
0.03,1.933866678
0.04,2.11822189
0.05,2.299923285
0.06,2.533338167
0.07,3.094251056
0.08,1.806252134
0.09,1.510401967
0.1,0.895322548
0.11,0.79189178
0.12,0.87358928
0.13,0.7124165
0.14,-0.422079468
0.15,0.154286936
0.16,-1.281182418
0.17,-2.927879936
0.18,-1.396216615
0.19,-1.659969402
0.2,-3.725455075
0.21,-11.72425361
0.22,-12.0904325
0.23,-4.340962904
0.24,-15.78947368